,Farm power [MW],Farm ambient power [MW],Farm efficiency [%],Annual farm yield [TWh]
gem.Layout N9 Cluster,2190.373232653442,3420.9406090119346,64.02839110633037,19.187669518044146
