,Farm power [MW],Farm ambient power [MW],Farm efficiency [%],Annual farm yield [TWh]
Combined_Cluster,23508.037133204678,63358.58990443282,37.10315707572267,205.93040528687294
