,Farm power [MW],Farm ambient power [MW],Farm efficiency [%],Annual farm yield [TWh]
N.9.1-3 Cluster,2252.667582832428,3460.8268770867094,65.09044407123599,19.73336802561207
