Energy Yield no wakes,yield_N9_1,yield_N9_2,yield_N9_3
31.205709018747736,11.339779506812702,11.339779506812702,8.526150005122332
