,Farm power [MW],Farm ambient power [MW],Farm efficiency [%],Annual farm yield [TWh]
gem.Layout N9 Cluster,2219.0965252135775,3460.8268770867094,64.12041410986704,19.43928556087094
