,Farm power [MW],Farm ambient power [MW],Farm efficiency [%],Annual farm yield [TWh]
gem.Layout N9 Cluster,2074.5828106702497,3420.9406090119346,60.643637168242115,18.173345421471385
