,Farm power [MW],Farm ambient power [MW],Farm efficiency [%],Annual farm yield [TWh]
gem.Layout N9 Cluster,1928.7236266277105,3420.9406090119346,56.379921403686126,16.89561896925874
