,Farm power [MW],Farm ambient power [MW],Farm efficiency [%],Annual farm yield [TWh]
Combined_Cluster,23873.74251277519,63916.981803269315,37.351173098655394,209.13398441191066
