,Farm power [MW],Farm ambient power [MW],Farm efficiency [%],Annual farm yield [TWh]
gem.Layout N9 Cluster,1951.2801307997272,3460.8268770867094,56.38190525272088,17.093213945805612
