,Farm power [MW],Farm ambient power [MW],Farm efficiency [%],Annual farm yield [TWh]
gem.Layout N9 Cluster,2100.0986210643714,3460.8268770867094,60.681990046038194,18.396863920523888
